Run,HOLD_SNM,MAXVD
0,0.3662958,0.5180205
