{
  "incumbent_ids": [
    14
  ],
  "rejected_config_ids": [
    1,
    3,
    4,
    5,
    7,
    8,
    9,
    10,
    11,
    12,
    13,
    2,
    15
  ],
  "incumbents_changed": 3,
  "trajectory": [
    {
      "config_ids": [
        1
      ],
      "costs": [
        -10.960099455522979
      ],
      "trial": 1,
      "walltime": 2.3437798023223877
    },
    {
      "config_ids": [
        2
      ],
      "costs": [
        -11.04585478403912
      ],
      "trial": 2,
      "walltime": 4.660418272018433
    },
    {
      "config_ids": [
        14
      ],
      "costs": [
        -11.047654082052127
      ],
      "trial": 13,
      "walltime": 33.811193227767944
    }
  ],
  "state": {
    "queue": [
      [
        6,
        1
      ],
      [
        16,
        1
      ]
    ]
  }
}