Run,MAXVD,WRITE_SNM
0,1.285347,0.9088772
