Run,MAXVD,READ_SNM
0,0.3159317,0.2233974
